batch,node,num_train,num_test,roles,ema,prev_ema,uploaded,distilled,peers_used,logit_peers,probe_images_used,pre_pair_accuracy,post_pair_accuracy,gain_pair_accuracy,pre_crop_accuracy,post_crop_accuracy,pre_disease_accuracy,post_disease_accuracy,improved,bytes_uploaded,bytes_downloaded,compute_energy_kwh,wifi_comm_energy_kwh,duration_s
0,node_0,2632,465,teacher+learner,0.7828,,False,True,0,0,0,0.7828,0.8602,0.0774,1.0,1.0,0.7828,0.8602,True,0,0,0.004973540737444129,0.0,131.3
0,node_1,598,105,teacher+learner,0.9333,,False,True,0,0,0,0.9333,0.9714,0.0381,1.0,1.0,0.9333,0.9714,True,0,0,0.003245425115454718,0.0,74.76
1,node_0,659,115,learner,0.754,0.7828,False,True,0,0,0,0.687,0.8174,0.1304,1.0,1.0,0.687,0.8174,True,0,0,0.001417599945049137,0.0,192.78
1,node_1,149,27,teacher,0.9422,0.9333,False,False,0,0,0,0.963,0.963,0.0,1.0,1.0,0.963,0.963,False,0,0,0.0006789206615094191,0.0,26.75
2,node_0,659,115,learner,0.7287,0.754,False,True,0,0,0,0.6696,0.7739,0.1043,1.0,1.0,0.6696,0.7739,True,0,0,0.0017684376233434414,0.0,99.41
2,node_1,149,27,idle,0.904,0.9422,False,False,0,0,0,0.8148,0.8148,0.0,1.0,1.0,0.8148,0.8148,False,0,0,0.0005186645626078687,0.0,381.18
3,node_0,659,115,learner,0.6353,0.7287,False,True,0,0,0,0.4174,0.8435,0.4261,1.0,1.0,0.4174,0.8435,True,0,0,0.0018661366651147233,0.0,414.34
3,node_1,149,27,idle,0.8772,0.904,False,False,0,0,0,0.8148,0.8148,0.0,1.0,1.0,0.8148,0.8148,False,0,0,0.000806848126952441,0.0,64.32
4,node_0,660,115,teacher+learner,0.6482,0.6353,False,True,0,0,0,0.6783,0.8609,0.1826,1.0,1.0,0.6783,0.8609,True,0,0,0.0013934341045364908,0.0,86.59
4,node_1,148,27,idle,0.803,0.8772,False,False,0,0,0,0.6296,0.6296,0.0,1.0,1.0,0.6296,0.6296,False,0,0,0.00041022564606344424,0.0,85.2
5,node_0,659,115,teacher+learner,0.7016,0.6482,False,True,0,0,0,0.8261,0.8609,0.0348,1.0,1.0,0.8261,0.8609,True,0,0,0.013425213200138033,0.0,670.85
5,node_1,149,27,teacher,0.8176,0.803,False,False,0,0,0,0.8519,0.8519,0.0,1.0,1.0,0.8519,0.8519,False,0,0,0.00042743809545122,0.0,11.92
6,node_0,660,115,teacher+learner,0.718,0.7016,False,True,0,0,0,0.7565,0.8696,0.113,1.0,1.0,0.7565,0.8696,True,0,0,0.0017519429679522533,0.0,809.65
6,node_1,148,27,idle,0.8168,0.8176,False,False,0,0,0,0.8148,0.8148,0.0,1.0,1.0,0.8148,0.8148,False,0,0,0.0008479733089050019,0.0,28.54
7,node_0,659,115,learner,0.7165,0.718,False,True,0,0,0,0.713,0.8348,0.1217,1.0,1.0,0.713,0.8348,True,0,0,0.001782310285168518,0.0,304.48
7,node_1,149,27,idle,0.8162,0.8168,False,False,0,0,0,0.8148,0.8148,0.0,1.0,1.0,0.8148,0.8148,False,0,0,0.0005716909743980405,0.0,14.39
8,node_0,660,115,teacher+learner,0.7468,0.7165,False,True,0,0,0,0.8174,0.8957,0.0783,1.0,1.0,0.8174,0.8957,True,0,0,0.001725282722281224,0.0,57.84
8,node_1,148,27,learner,0.738,0.8162,False,True,0,0,0,0.5556,0.7407,0.1852,1.0,1.0,0.5556,0.7407,True,0,0,0.006946346771182051,0.0,1156.52
9,node_0,659,115,learner,0.7315,0.7468,False,True,0,0,0,0.6957,0.8522,0.1565,1.0,1.0,0.6957,0.8522,True,0,0,0.0017942869286807794,0.0,151.76
9,node_1,149,27,learner,0.7166,0.738,False,True,0,0,0,0.6667,0.9259,0.2593,1.0,1.0,0.6667,0.9259,True,0,0,0.0017966452957586762,0.0,74.11
10,node_0,660,115,teacher+learner,0.7546,0.7315,False,True,0,0,0,0.8087,0.8435,0.0348,1.0,1.0,0.8087,0.8435,True,0,0,0.04277568686138431,0.0,858.92
10,node_1,148,27,teacher+learner,0.7461,0.7166,False,True,0,0,0,0.8148,0.9259,0.1111,1.0,1.0,0.8148,0.9259,True,0,0,0.0011097745026853176,0.0,97.52
11,node_0,659,115,teacher+learner,0.7735,0.7546,False,True,0,0,0,0.8174,0.8435,0.0261,1.0,1.0,0.8174,0.8435,True,0,0,0.002469280284576188,0.0,135.42
11,node_1,149,27,teacher,0.8,0.7461,False,False,0,0,0,0.9259,0.9259,0.0,1.0,1.0,0.9259,0.9259,False,0,0,0.0014619590559772097,0.0,40.46
12,node_0,660,115,learner,0.7579,0.7735,False,True,0,0,0,0.7217,0.8609,0.1391,1.0,1.0,0.7217,0.8609,True,0,0,0.001492474004284126,0.0,171.52
12,node_1,148,27,teacher,0.8156,0.8,False,False,0,0,0,0.8519,0.8519,0.0,1.0,1.0,0.8519,0.8519,False,0,0,0.00023842742657820458,0.0,122.93
13,node_0,659,115,teacher+learner,0.7758,0.7579,False,True,0,0,0,0.8174,0.9043,0.087,1.0,1.0,0.8174,0.9043,True,0,0,0.0018313346635026586,0.0,119.76
13,node_1,149,27,idle,0.8153,0.8156,False,False,0,0,0,0.8148,0.8148,0.0,1.0,1.0,0.8148,0.8148,False,0,0,0.0002713795649537875,0.0,6.11
14,node_0,660,115,teacher+learner,0.7883,0.7758,False,True,0,0,0,0.8174,0.8783,0.0609,1.0,1.0,0.8174,0.8783,True,0,0,0.001557322253492208,0.0,213.28
14,node_1,148,27,teacher,0.8374,0.8153,False,False,0,0,0,0.8889,0.8889,0.0,1.0,1.0,0.8889,0.8889,False,0,0,0.004837367579036182,0.0,77.1
15,node_0,659,115,teacher,0.8048,0.7883,False,False,0,0,0,0.8435,0.8435,0.0,1.0,1.0,0.8435,0.8435,False,0,0,0.0009648756167798658,0.0,201.29
15,node_1,149,27,teacher,0.8529,0.8374,False,False,0,0,0,0.8889,0.8889,0.0,1.0,1.0,0.8889,0.8889,False,0,0,0.0002882087112256133,0.0,49.22
16,node_0,659,115,learner,0.7956,0.8048,False,True,0,0,0,0.7739,0.8783,0.1043,1.0,1.0,0.7739,0.8783,True,0,0,0.0019394267440606407,0.0,76.36
16,node_1,149,27,idle,0.8192,0.8529,False,False,0,0,0,0.7407,0.7407,0.0,1.0,1.0,0.7407,0.7407,False,0,0,0.00041442454073047465,0.0,19.96
17,node_0,659,115,teacher,0.8021,0.7956,False,False,0,0,0,0.8174,0.8174,0.0,1.0,1.0,0.8174,0.8174,False,0,0,0.0012866461039876956,0.0,36.55
17,node_1,149,27,teacher,0.8623,0.8192,False,False,0,0,0,0.963,0.963,0.0,1.0,1.0,0.963,0.963,False,0,0,0.0002727945779610421,0.0,18.47
18,node_0,659,115,teacher,0.8041,0.8021,False,False,0,0,0,0.8087,0.8087,0.0,1.0,1.0,0.8087,0.8087,False,0,0,0.0008987253919839269,0.0,57.89
18,node_1,149,27,teacher,0.8703,0.8623,False,False,0,0,0,0.8889,0.8889,0.0,1.0,1.0,0.8889,0.8889,False,0,0,0.011324537845827147,0.0,305.19
19,node_0,658,115,learner,0.7402,0.8041,False,True,0,0,0,0.5913,0.8435,0.2522,1.0,1.0,0.5913,0.8435,True,0,0,0.0028657362357375833,0.0,396.83
19,node_1,150,27,idle,0.8537,0.8703,False,False,0,0,0,0.8148,0.8148,0.0,1.0,1.0,0.8148,0.8148,False,0,0,0.0013396519190291194,0.0,85.69
20,node_0,658,116,teacher+learner,0.7432,0.7402,False,True,0,0,0,0.75,0.8707,0.1207,1.0,1.0,0.75,0.8707,True,0,0,0.022428184197301398,0.0,379.51
20,node_1,149,27,idle,0.8531,0.8537,False,False,0,0,0,0.8519,0.8519,0.0,1.0,1.0,0.8519,0.8519,False,0,0,0.00031066483034282785,0.0,27.37
21,node_0,660,115,teacher+learner,0.7707,0.7432,False,True,0,0,0,0.8348,0.8348,0.0,1.0,1.0,0.8348,0.8348,False,0,0,0.0014313280049076844,0.0,664.46
21,node_1,148,27,teacher,0.875,0.8531,False,False,0,0,0,0.9259,0.9259,0.0,1.0,1.0,0.9259,0.9259,False,0,0,0.00036374343036486335,0.0,75.32
22,node_0,396,70,learner,0.7495,0.7707,False,True,0,0,0,0.7,0.8857,0.1857,1.0,1.0,0.7,0.8857,True,0,0,0.0011247303832475316,0.0,98.79
22,node_1,91,16,teacher,0.8937,0.875,False,False,0,0,0,0.9375,0.9375,0.0,1.0,1.0,0.9375,0.9375,False,0,0,0.0014050316300035382,0.0,47.14
