round_idx,node_id,mesh_kd_loss,mesh_crop_kd_loss,mesh_sup_loss,mesh_proto_loss,mesh_crop_accuracy,mesh_disease_accuracy,mesh_pair_accuracy,mesh_crop_macro_precision,mesh_crop_macro_recall,mesh_crop_macro_f1,mesh_disease_macro_precision,mesh_disease_macro_recall,mesh_disease_macro_f1,mesh_pair_macro_precision,mesh_pair_macro_recall,mesh_pair_macro_f1,baseline_crop_accuracy,baseline_disease_accuracy,baseline_pair_accuracy,baseline_crop_macro_precision,baseline_crop_macro_recall,baseline_crop_macro_f1,baseline_disease_macro_precision,baseline_disease_macro_recall,baseline_disease_macro_f1,baseline_pair_macro_precision,baseline_pair_macro_recall,baseline_pair_macro_f1
0,node_0,0.32520722535749275,0.2918815826997161,2.9963682194550834,0.4154665420452754,0.6551724137931034,0.5172413793103449,0.41379310344827586,0.6964285714285714,0.6515151515151515,0.6142857142857142,0.36363636363636365,0.3238095238095238,0.3360544217687075,0.37142857142857144,0.2809523809523809,0.30655209452201937,0.41379310344827586,0.3448275862068966,0.3448275862068966,0.10344827586206896,0.25,0.14634146341463414,0.1037087912087912,0.25396825396825395,0.13602187286397813,0.1037087912087912,0.25396825396825395,0.13602187286397813
0,node_1,0.2972694724225081,0.24726433880054033,2.6364715557831984,0.4998515683871049,0.6764705882352942,0.6617647058823529,0.5882352941176471,0.5424836601307189,0.5652266034618977,0.5468644506575541,0.44475490196078427,0.4076373626373627,0.41051185620707314,0.35486111111111107,0.3264041514041514,0.3302383440314474,0.38235294117647056,0.38235294117647056,0.3088235294117647,0.4277777777777778,0.3234683617036558,0.2543796767905427,0.22793103448275862,0.20509157509157508,0.15904761904761905,0.25555555555555554,0.16663614163614163,0.15725806451612903
0,node_2,0.2958652817589395,0.244145494830959,2.5948343873023987,0.4709690756657544,0.711340206185567,0.6597938144329897,0.5567010309278351,0.648868778280543,0.4725783475783476,0.5112551859038064,0.43409473523109887,0.387995337995338,0.39641438732014334,0.37372605363984673,0.31334425808110017,0.3207541467361557,0.44329896907216493,0.4742268041237113,0.27835051546391754,0.39917250583917246,0.33112535612535615,0.29298941798941797,0.2746392496392496,0.23944055944055942,0.22695169824528608,0.19887054236899437,0.21927768138294457,0.15579303096450803
0,node_3,0.2843100209720433,0.25159863580483943,2.73320883885026,0.46606382727622986,0.7888888888888889,0.6,0.5444444444444444,0.6495704168117961,0.7058823529411765,0.6605790304991209,0.4513689526847422,0.38966942148760336,0.3951956946327901,0.48869047619047623,0.3949300699300699,0.4184825319016495,0.6333333333333333,0.5333333333333333,0.4222222222222222,0.4110193785116385,0.5034313725490196,0.4249672269300997,0.3157703157703157,0.30736914600550963,0.2825674215817849,0.233375104427736,0.2531177156177156,0.21913246067657832
0,node_4,0.2774563953280449,0.2710505263259014,2.579123322168986,0.4698366771141688,0.7349397590361446,0.5783132530120482,0.4939759036144578,0.6230320445837687,0.572020202020202,0.5870689527440099,0.4106839684379791,0.3881118881118881,0.3890647084050382,0.33465309200603316,0.27878787878787875,0.2945213628003812,0.5421686746987951,0.3132530120481928,0.30120481927710846,0.2328042328042328,0.3,0.24284511784511786,0.16052668440958118,0.18939393939393936,0.11098541980894923,0.1180225988700565,0.14444444444444443,0.09657407407407408
0,node_5,0.28345600701868534,0.2699237998574972,3.065264356136322,0.4459886088967323,0.6779661016949152,0.4576271186440678,0.3728813559322034,0.46375661375661376,0.37907647907647907,0.39389499389499383,0.13545883940620784,0.14440993788819873,0.1330423254761212,0.14952153110047847,0.16228070175438594,0.14807852965747703,0.5254237288135594,0.4576271186440678,0.2542372881355932,0.2916666666666667,0.30562770562770564,0.2969835339698353,0.12491337491337491,0.1520544672718586,0.1330545298156634,0.08954116059379218,0.10438596491228071,0.0943456201479308
1,node_0,0.3755274216334025,0.37604811787605286,1.5699144899845123,0.4460526729623477,0.6896551724137931,0.5862068965517241,0.5517241379310345,0.8041666666666667,0.6742424242424243,0.6642857142857143,0.4922077922077922,0.5809523809523809,0.5071428571428571,0.5142857142857143,0.5666666666666667,0.5119942713927677,0.3793103448275862,0.27586206896551724,0.2413793103448276,0.2708333333333333,0.23863636363636365,0.24615384615384617,0.27943722943722943,0.2095238095238095,0.19387755102040813,0.2714285714285714,0.13809523809523808,0.17551020408163268
1,node_1,0.35459992576103944,0.2407680136653093,1.5340513403599079,0.43692695979888624,0.6029411764705882,0.5294117647058824,0.45588235294117646,0.4366666666666667,0.46501113265819144,0.4320125928672462,0.34259518259518257,0.3356593406593406,0.33319327731092435,0.27222222222222225,0.26543040293040293,0.26410509031198687,0.45588235294117646,0.29411764705882354,0.23529411764705882,0.5785185185185185,0.4165086547439489,0.36937309515000977,0.3755439005439006,0.29007326007326006,0.24222328805127263,0.3066498316498317,0.2534340659340659,0.20477806507218274
1,node_2,0.2417783763478784,0.159295673317769,1.5130700574201696,0.4123740406597362,0.7422680412371134,0.7319587628865979,0.6597938144329897,0.6862990810359232,0.5914529914529915,0.6210155857214681,0.5017482517482518,0.5172261072261072,0.5014492989412456,0.4731002331002331,0.4285045948203843,0.44034343434343437,0.4639175257731959,0.4639175257731959,0.3402061855670103,0.5129850825503,0.4442307692307692,0.41182035068213935,0.3077463042633321,0.28736596736596737,0.2624913080840132,0.2703907203907204,0.2514889788573999,0.21802056744848508
1,node_3,0.2997001577168703,0.2281031059101224,1.6498213615268469,0.4209923818707466,0.8333333333333334,0.6555555555555556,0.5888888888888889,0.6754509379509379,0.6332516339869282,0.6474237543390466,0.4714285714285715,0.4836776859504132,0.4509854580848495,0.4307370580808081,0.42144522144522145,0.40771438915772085,0.7,0.5,0.4666666666666667,0.6890652557319225,0.5263888888888889,0.5584989084989084,0.4197931697931697,0.3511707988980716,0.3338215330150814,0.34756343984962407,0.2866841491841492,0.27697916666666667
1,node_4,0.265887850522995,0.19342102110385895,1.5950178503990173,0.3971571718653043,0.7951807228915663,0.6265060240963856,0.5542168674698795,0.7071569734613213,0.6339646464646465,0.6561736001095269,0.4851010101010101,0.45396270396270394,0.44824706129053954,0.4595454545454546,0.36419968919968926,0.38804057865842767,0.7951807228915663,0.5662650602409639,0.5301204819277109,0.6583077102887762,0.6449747474747475,0.6432539682539683,0.4723484848484848,0.45396270396270394,0.4196936875182847,0.3378968253968254,0.3406954156954157,0.3100393145013165
1,node_5,0.29916604831814764,0.22203935086727142,2.023042106628418,0.38734540343284607,0.7288135593220338,0.4745762711864407,0.4067796610169492,0.5073643410852713,0.4735209235209235,0.47368421052631576,0.17988505747126438,0.25127408823061,0.1993574550135636,0.19664160401002506,0.2210526315789474,0.19101921470342526,0.0847457627118644,0.0847457627118644,0.06779661016949153,0.014619883040935672,0.16666666666666666,0.026881720430107527,0.08232118758434548,0.0802675585284281,0.016498528793610762,0.003693444136657433,0.05263157894736842,0.006902502157031924
2,node_0,0.40056235236780985,0.2795863055757114,2.2302332861082896,0.4017057365604809,0.8961038961038961,0.5844155844155844,0.5844155844155844,0.9714285714285713,0.7575757575757576,0.8096153846153846,0.5696634615384616,0.5010737628384686,0.4901786772125118,0.5638354700854701,0.5312791783380018,0.5315799928786942,0.7272727272727273,0.37662337662337664,0.3246753246753247,0.6174242424242424,0.39734848484848484,0.43568151147098516,0.38106758832565285,0.2571568627450981,0.2541101055806938,0.3361436950146628,0.19640522875816993,0.19624982860276977
2,node_1,0.28158707400927174,0.2030888652572265,1.1389142664579244,0.4723226072696539,0.7647058823529411,0.6323529411764706,0.5882352941176471,0.5887380593262946,0.6014652014652014,0.5874228395061728,0.4043055555555556,0.40699633699633697,0.3940752351097178,0.3678838522588522,0.34710012210012203,0.3435427067610976,0.29411764705882354,0.1323529411764706,0.1323529411764706,0.14497354497354498,0.19999999999999998,0.12083333333333333,0.023273657289002558,0.10333333333333332,0.036755823986194994,0.019394714407502133,0.0861111111111111,0.030629853321829163
2,node_2,0.22222182023174622,0.13784338336657076,1.2168017485562492,0.39673895345014687,0.7628865979381443,0.7319587628865979,0.6288659793814433,0.7936911487758945,0.6041310541310542,0.6463282959659771,0.47736185383244206,0.47811188811188815,0.4732719446278768,0.4363133640552995,0.3914394961763382,0.39933333333333326,0.4948453608247423,0.3917525773195876,0.36082474226804123,0.4497474747474748,0.3684472934472935,0.29903990746096015,0.3080884540990924,0.3038461538461539,0.24607202655127847,0.24464453720267673,0.2811721611721612,0.2025604804552173
2,node_3,0.23840250680223107,0.17323401849716902,1.2648555431514978,0.4452471463009715,0.7888888888888889,0.6888888888888889,0.6,0.6900220375830132,0.6442810457516339,0.6628306878306879,0.525568623295896,0.4993112947658402,0.4957023769671991,0.5645089285714285,0.47457022144522143,0.5045674281858492,0.6444444444444445,0.5888888888888889,0.4888888888888889,0.5399470899470898,0.5705065359477124,0.534090841262477,0.40805156315992225,0.3980027548209367,0.3805994113272881,0.41299377705627704,0.3610504079254079,0.35458369755244756
2,node_4,0.19897180050611496,0.12711221600572267,1.1575352569421133,0.4682853539784749,0.7710843373493976,0.6746987951807228,0.5542168674698795,0.7287632460046253,0.6205050505050504,0.6457017693576833,0.5017676767676768,0.5198135198135199,0.4711753570991108,0.3812962962962963,0.40835275835275836,0.36339443307185243,0.6144578313253012,0.4939759036144578,0.3855421686746988,0.6116959064327486,0.4509343434343434,0.4471700412876884,0.29289248614806423,0.2948717948717949,0.2751221488063593,0.24229590333038611,0.1784188034188034,0.17410582010582012
2,node_5,0.3103127345442772,0.19073247350752354,1.404895305633545,0.4506934016942978,0.7457627118644068,0.5932203389830508,0.5254237288135594,0.6041827541827542,0.5582611832611832,0.5327264239028945,0.27103409411101714,0.37494027711419015,0.30945953271534665,0.25438596491228066,0.3447368421052632,0.2868553305939876,0.3389830508474576,0.288135593220339,0.23728813559322035,0.563034188034188,0.3205266955266955,0.27083419226276373,0.0940828402366864,0.12804586717630195,0.07808857808857808,0.12276504658776126,0.12017543859649123,0.09504530557162136
3,node_0,0.38676836820585386,0.2109795343130827,1.404843726328441,0.4788642738546644,0.8831168831168831,0.6363636363636364,0.6233766233766234,0.9002164502164502,0.7954545454545455,0.8134032634032634,0.638071504518873,0.5800233426704016,0.5768253968253969,0.5450099076893337,0.5575969781852135,0.549420311489277,0.7532467532467533,0.38961038961038963,0.35064935064935066,0.6475409836065574,0.5587121212121212,0.5830942710256484,0.35503831417624526,0.35227824463118584,0.3284308198261687,0.26673757277205556,0.26570749511925984,0.2571593311551028
3,node_1,0.2537548868702008,0.18254009233071253,0.8298877477645874,0.5409717662976339,0.7058823529411765,0.6029411764705882,0.5588235294117647,0.8115079365079364,0.6099762982115924,0.6442118810539863,0.42917735515258737,0.37734432234432236,0.3594757551114287,0.41396198830409353,0.3418345543345544,0.3384008148714031,0.5735294117647058,0.4411764705882353,0.4117647058823529,0.5851843661441184,0.5033828916181857,0.49622525338637874,0.3358766233766234,0.2991025641025641,0.27668097557091864,0.30505952380952384,0.258974358974359,0.25483996641491896
3,node_2,0.23137919297989676,0.14662748071200707,0.9455408269868177,0.4770382318426581,0.7216494845360825,0.7525773195876289,0.6288659793814433,0.8250524109014675,0.5715099715099715,0.6165946062730707,0.621106166560712,0.6096037296037295,0.6010509584977671,0.5162637362637362,0.42761197866461026,0.454613429417351,0.5051546391752577,0.4639175257731959,0.3711340206185567,0.3431818181818182,0.3315527065527066,0.31512428816776644,0.23062748699112337,0.257039627039627,0.23825135962435728,0.1872150072150072,0.24595463016515648,0.18516559017286316
3,node_3,0.25187488878145814,0.16307284170761704,1.008684616535902,0.5020694229751825,0.8333333333333334,0.6777777777777778,0.5888888888888889,0.7015993265993266,0.6581699346405229,0.6752645502645502,0.4665392079185182,0.506198347107438,0.46002446514209,0.4150850018037518,0.4117897727272727,0.3967451609692989,0.6333333333333333,0.5333333333333333,0.4444444444444444,0.5840187590187591,0.47679738562091495,0.47248503130856073,0.3604577240940877,0.3400137741046832,0.31844845975280756,0.34302026098901095,0.2914007867132867,0.2835117307156781
3,node_4,0.25340001583099364,0.16375716539720694,1.0301554103692372,0.5067790706952413,0.7228915662650602,0.5421686746987951,0.4457831325301205,0.736449864498645,0.511010101010101,0.5386002886002886,0.40760816723383564,0.4434731934731934,0.38996865203761755,0.35523744229626586,0.3367909867909868,0.2956880412052826,0.7831325301204819,0.5783132530120482,0.5180722891566265,0.7611965329356635,0.695479797979798,0.7075670498084291,0.3424539512774807,0.35081585081585076,0.3219139149620433,0.32673585673585676,0.3444638694638694,0.3051106083459025
3,node_5,0.30299635529518126,0.17140176929533482,0.9835728496313095,0.5538661167025566,0.7627118644067796,0.6440677966101694,0.559322033898305,0.8166666666666668,0.5811688311688311,0.6115861814491951,0.38871128871128874,0.41551202420767636,0.3704236939531057,0.3488601182099634,0.35614035087719303,0.3337406015037594,0.6779661016949152,0.423728813559322,0.3559322033898305,0.451413085559427,0.45815295815295815,0.4258349258349258,0.21410256410256412,0.2644529383659818,0.19957690887923446,0.17828947368421053,0.19385964912280704,0.15690031530439003
4,node_0,0.29350240315709797,0.1669714017105954,0.9522476707186017,0.5961823942405837,0.8831168831168831,0.5974025974025974,0.5714285714285714,0.9459090909090909,0.756439393939394,0.8117108747154734,0.4791083916083917,0.5293697478991597,0.49571022968048134,0.5941028668301396,0.5438714879891351,0.560952848420879,0.6883116883116883,0.35064935064935066,0.35064935064935066,0.7270355731225296,0.6113636363636363,0.637584480600751,0.37841360766892684,0.31179738562091497,0.26939935064935067,0.34653137560114305,0.35920974450386217,0.28543880362062174
4,node_1,0.2618575371228732,0.17153003467963293,0.904206626690351,0.5438097749765103,0.6764705882352942,0.5588235294117647,0.5,0.44375522138680035,0.5087912087912088,0.47318116435763496,0.4866503267973856,0.37844322344322345,0.40623655913978496,0.3824404761904762,0.2863400488400488,0.3168913921602094,0.5441176470588235,0.4264705882352941,0.4117647058823529,0.6267857142857143,0.5034188034188033,0.47050091485575357,0.30748069498069497,0.26974358974358975,0.2426144933497875,0.3374368686868687,0.2642094017094017,0.2518398268398268
4,node_2,0.19692178552641587,0.13082394464051023,0.9183875015553307,0.49045012365369234,0.7938144329896907,0.7525773195876289,0.6907216494845361,0.7943348580141033,0.6710826210826211,0.7173198264813171,0.49248327430145605,0.5360139860139861,0.49956301560075145,0.4860968660968661,0.4867418546365914,0.4821191154524488,0.6907216494845361,0.6804123711340206,0.5670103092783505,0.6306418219461699,0.6576210826210825,0.6246110478668618,0.5186081595172504,0.5692773892773892,0.5267305839406152,0.45370370370370366,0.4712126470021206,0.4406779206553465
4,node_3,0.22189605794847012,0.14141742163337767,0.7633805675432086,0.5371375968679786,0.8111111111111111,0.6555555555555556,0.6,0.7066786533249947,0.6783496732026144,0.6875617283950618,0.45234936514840823,0.4480716253443527,0.43623523221291177,0.5331349206349206,0.45958624708624707,0.46857277454956314,0.7444444444444445,0.6222222222222222,0.5444444444444444,0.5130330498707285,0.5268790849673203,0.5172994148866531,0.4633164489469474,0.43677685950413225,0.43173728628274083,0.3943204365079365,0.3677738927738928,0.3671930841302038
4,node_4,0.2751797646284103,0.1884486772119999,0.9728554129600525,0.5534798979759217,0.8313253012048193,0.6626506024096386,0.6024096385542169,0.9093031609195402,0.7385606060606061,0.7894087069525666,0.5784271284271285,0.5903263403263403,0.5511062391445166,0.5245767195767196,0.5562742812742812,0.515692471920542,0.7831325301204819,0.5662650602409639,0.4939759036144578,0.687160759897829,0.6141161616161617,0.6349995358767289,0.3796023168750441,0.4219114219114219,0.3556425446148766,0.30422547822547824,0.31105283605283607,0.27241538241538243
4,node_5,0.2805229194462299,0.18763609118759633,0.7007352739572525,0.6432558089494705,0.7627118644067796,0.5932203389830508,0.4915254237288136,0.7281976744186046,0.5584415584415584,0.5768588137009188,0.3201385570950788,0.35017518713170886,0.3084040927290355,0.3105724838411819,0.2973684210526316,0.2697798417612659,0.15254237288135594,0.2033898305084746,0.11864406779661017,0.14876543209876544,0.18686868686868685,0.06333630686886708,0.06808510638297872,0.10367892976588629,0.04936240230357877,0.044050343249427915,0.06315789473684211,0.025041551246537397
5,node_0,0.2288987354508468,0.13605528803808348,0.6982217590723719,0.6745307115571839,0.8831168831168831,0.5454545454545454,0.5324675324675324,0.8760204081632652,0.843939393939394,0.8448556760656599,0.5528613053613054,0.568954248366013,0.5308102766798418,0.6888139638139639,0.591473559120618,0.613820018365473,0.8311688311688312,0.5194805194805194,0.5194805194805194,0.74,0.6227272727272728,0.648080808080808,0.45540935672514615,0.44721288515406166,0.40428012239332994,0.41400850611376927,0.4065571683218742,0.3675273839939363
5,node_1,0.2896505215993294,0.21588589422977889,0.8052823967658557,0.6031678949411099,0.6617647058823529,0.5882352941176471,0.5147058823529411,0.6357219251336899,0.5485491632550457,0.5549283154121863,0.47298590298590304,0.41503663003663005,0.4124225447754859,0.41625839438339446,0.3297924297924298,0.339021164021164,0.6029411764705882,0.5294117647058824,0.4852941176470588,0.5048500881834215,0.4957516339869282,0.46884477529638807,0.4366666666666667,0.3821428571428571,0.3765982404692082,0.3528458605664488,0.3013888888888889,0.29848484848484846
5,node_2,0.21704071628696778,0.13415398361051784,0.7336529545924243,0.4811851601390278,0.845360824742268,0.7319587628865979,0.6907216494845361,0.8313461538461538,0.7480769230769231,0.776812865497076,0.48931488801054024,0.5338461538461537,0.5019237832874196,0.49109085359085364,0.51631000578369,0.49303642182073554,0.5463917525773195,0.4639175257731959,0.422680412371134,0.4480741480741481,0.4664529914529914,0.40771940406954793,0.3920110192837465,0.3324475524475524,0.3032204202416968,0.30833333333333335,0.26734657155709785,0.24290176054881935
5,node_3,0.2046137941069901,0.12512621248606592,0.6342432973906398,0.5600052690133452,0.8666666666666667,0.7,0.6444444444444445,0.9334018627542596,0.8429738562091504,0.8794206797596628,0.6088744588744589,0.5926308539944903,0.5709950353876885,0.6429563492063493,0.5649147727272728,0.5775777706698759,0.6888888888888889,0.5444444444444444,0.5222222222222223,0.6588755160183731,0.5895424836601307,0.5821742566412785,0.40606060606060607,0.39407713498622593,0.37240104393214435,0.39208472686733553,0.3840872668997669,0.3623360707919531
5,node_4,0.2917845795551936,0.19260335192084313,0.7783058047294616,0.539978833993276,0.8433734939759037,0.6265060240963856,0.5662650602409639,0.9201161946259986,0.7256565656565656,0.7847385194842822,0.49319783751601937,0.5710955710955711,0.5059904967142257,0.5312469937469938,0.5182595182595182,0.4992076977384324,0.6626506024096386,0.5060240963855421,0.46987951807228917,0.5964313464313464,0.5121717171717172,0.5120439780109945,0.4241927662980295,0.4178321678321678,0.3973412950685678,0.36203703703703705,0.3316433566433566,0.31578078134599874
5,node_5,0.2814368359744549,0.171424812823534,0.6348783001303673,0.6444164127111435,0.7288135593220338,0.6271186440677966,0.4745762711864407,0.7823232323232324,0.5012987012987012,0.5406926406926407,0.4307692307692308,0.3880394967351489,0.3845762081056199,0.3287429099063448,0.27982456140350875,0.27685054883197296,0.7457627118644068,0.559322033898305,0.423728813559322,0.5676587301587301,0.5712481962481962,0.5496721695351833,0.30163358147229113,0.3236184105749323,0.29804952881875957,0.2771929824561403,0.28157894736842104,0.26327356853672645
